x-ray-charge,en,X-ray Charge
written-proof-of-delivery,en,Written Proof of Delivery
will-call-charge,en,Will Call Charge
wide-area-telephone-service-wats-usage-credit,en,Wide Area Telephone Service (WATS) Usage Credit
wharfage-container,en,Wharfage - Container
wharfage-charge,en,Wharfage Charge
wharfage-breakbulk,en,Wharfage - Breakbulk
wharfage-and-handling,en,Wharfage & Handling
wharfage,en,Wharfage
weight-verification-charge,en,Weight Verification Charge
weighing-charge-intermodal,en,Weighing Charge (Intermodal)
weather-protection,en,Weather Protection
waybill-and-invoice-distribution,en,Waybill and Invoice Distribution
waterfront-delivery-charge,en,Waterfront Delivery Charge
wasted-futile-trip,en,Wasted/Futile Trip
warehouse-charge,en,Warehouse Charge
warehouse-allowance,en,Warehouse Allowance
war-risk-surcharge,en,War Risk Surcharge
war-risk-insurance,en,War Risk Insurance
war-risk-crew-bonus,en,War Risk Crew Bonus
waiting-time-service-charge,en,Waiting Time Service Charge
waiting-time,en,Waiting Time
voluntary-contribution-charge,en,Voluntary contribution charge
volume-discount,en,Volume Discount
virgin-island-transfer-charge,en,Virgin Island Transfer Charge
venting-instructions,en,Venting Instructions
vendor-freight,en,Vendor Freight
vehicles-inoperable,en,Vehicles Inoperable
vehicles-in-truckway,en,Vehicles in Truckway
vehicles-furnished-but-not-used,en,Vehicles Furnished But Not Used
vehicle-prep-charge-courtesy-delivery,en,Vehicle Prep Charge (courtesy delivery)
vehicle-ordered-but-not-used,en,Vehicle Ordered but Not Used
vehicle-load-allowance,en,Vehicle Load Allowance
van-cleaning,en,Van Cleaning
value-added-tax-vat,en,Value Added Tax (VAT)
valuation-fee,en,Valuation Fee
utilities-disconnect-and-connect,en,Utilities Disconnect and Connect
use-tax,en,Use Tax
use-special-type-flat-car,en,Use - Special Type Flat Car
use-of-alternate-port,en,Use of Alternate Port
use-charge-tooling-personnel,en,Use charge tooling/personnel
usage-plan-detail-charge,en,Usage Plan Detail Charge
up-charge,en,Up Charge
unsalable-merchandise-allowance,en,Unsalable Merchandise Allowance
unpacking,en,Unpacking
unloading-reloading-charge,en,Unloading/Reloading Charge
unloading-labor-charges,en,Unloading (Labor Charges)
unloading-allowance,en,Unloading Allowance
unloading,en,Unloading
unknown,en,Unknown
under-carriage-furnished-by-carrier-charge,en,Under Carriage Furnished By Carrier Charge
unabsorbed-switching,en,Unabsorbed Switching
u-s-vehicles,en,U.S. Vehicles
two-door-pick-up,en,Two Door Pick Up
turning-charge,en,Turning Charge
truckload-discount,en,Truckload Discount
truck-detention,en,Truck Detention
trimming-charge,en,Trimming Charge
travel-expense,en,Travel Expense
travel-charge,en,Travel Charge
transportation-vendor-provided,en,Transportation - Vendor Provided
transportation-third-party-billing,en,Transportation - Third Party Billing
transportation-direct-billing,en,Transportation-Direct Billing
transportation-charge-minimum-rate,en,Transportation Charge (Minimum Rate)
transportation-and-setup,en,Transportation and Setup
transit,en,Transit
transferred-charges,en,Transferred Charges
transfer-of-lading-charge,en,Transfer of Lading Charge
transfer-charge,en,Transfer Charge
trailer-rental-charge,en,Trailer Rental Charge
trade-in,en,Trade In
trade-discount,en,Trade Discount
track-storage,en,Track Storage
tracing-service-fee,en,Tracing Service Fee
tracing-inbound-via-other-carriers,en,Tracing Inbound Via Other Carriers
total-assessorial-charges,en,Total Assessorial Charges
tooling-rework-charge,en,Tooling Rework Charge
tool-charge,en,Tool Charge
tofc-service-charge,en,TOFC Service Charge
tobacco-products-report-charge,en,Tobacco Products Report Charge
tire-repair-and-replace,en,Tire Repair and Replace
thruway-charge,en,Thruway Charge
throughput-container-charge,en,Throughput Container Charge
throughput-allowance,en,Throughput Allowance
third-party-service,en,Third-Party Service
third-party-allowance,en,Third Party Allowance
texas-rail-commission-fixed-charge,en,Texas Rail Commission Fixed Charge
texas-rail-commission-deviation-charge,en,Texas Rail Commission Deviation Charge
testing-services-charge,en,Testing Services Charge
testing-charge,en,Testing Charge
testing-allowance,en,Testing Allowance
test-qualification-charge,en,Test/Qualification Charge
termination,en,Termination
terminal-service-fee,en,Terminal Service Fee
terminal-differential,en,Terminal Differential
terminal-charge,en,Terminal Charge
tendering-of-multiple-vehicles,en,Tendering of Multiple Vehicles
temporary-voluntary-allowance,en,Temporary Voluntary Allowance
temporary-allowance,en,Temporary Allowance
telephone-origin,en,Telephone - Origin
telephone-destination,en,Telephone - Destination
telephone-charge,en,Telephone Charge
telegram-chargeback,en,Telegram Chargeback
tax-on-transportation,en,Tax on Transportation
tax-on-miscellaneous-charges,en,Tax on Miscellaneous Charges
tax-charge,en,Tax Charge
tarping-charge,en,Tarping Charge
tape-charges,en,Tape Charges
tank-surveillance-service,en,Tank Surveillance Service
tank-rental,en,Tank Rental
tank-car-allowance,en,Tank Car Allowance
switching-charge,en,Switching Charge
suspense,en,Suspense
surveying-routes,en,Surveying Routes
surcharge-percentage,en,Surcharge (Percentage)
surcharge-dollar-value,en,Surcharge (Dollar Value)
surcharge,en,Surcharge
supervisor-charge,en,Supervisor Charge
super-fund-excise-tax,en,Super Fund Excise Tax
super-bag-charge,en,Super Bag Charge
sunday-or-holiday-pick-up-or-delivery,en,Sunday or Holiday Pick-up or Delivery
sufferance-warehouse-charge-export-or-import,en,Sufferance Warehouse Charge (Export or Import)
sublet,en,Sublet
subject-to-tax,en,Subject to Tax
subject-to-cooperative-advertising-allowance,en,Subject to Cooperative Advertising Allowance
stuffing-charge,en,Stuffing Charge
stripping-sorting-and-consolidation,en,"Stripping,en, Sorting,en, and Consolidation"
street-lamps-charge,en,Street lamps charge
straightening-charge,en,Straightening Charge
stowage-charge,en,Stowage Charge
storage-of-vehicles,en,Storage of Vehicles
storage-in-transit,en,Storage in Transit
storage,en,Storage
stopping-in-transit,en,Stopping in Transit
stopoff-at-orgination,en,Stopoff at Orgination
stopoff-at-destination,en,Stopoff at Destination
stopcharge,en,Stopcharge
stop-offs-for-privately-owned-vehicle-shipment-charge,en,Stop-offs for Privately Owned Vehicle Shipment Charge
stop-off-delivery-of-personal-vehicles-charge,en,Stop Off Delivery of Personal Vehicles Charge
stop-off-charge,en,Stop-off Charge
stop-off-at-pier-charge,en,Stop-off at Pier Charge
stenciling-charge,en,Stenciling Charge
steaming-charge,en,Steaming Charge
state-tax,en,State Tax
state-surcharge,en,State Surcharge
state-sales-charge,en,State Sales Charge
state-motor-fuel,en,State Motor Fuel
state-metropolitan-transit-authority-surcharge,en,State/Metropolitan Transit Authority Surcharge
state-hazardous-substance-tax,en,State Hazardous Substance Tax
standby-charge,en,Standby Charge
standard-labor-charge,en,Standard Labor Charge
stamp-fee,en,Stamp Fee
stairs-elevator-excess-carry,en,"Stairs,en, Elevator,en, Excess Carry"
spreader-charge,en,Spreader Charge
spotting-of-trailer,en,Spotting of Trailer
spool-charge,en,Spool Charge
split-pick-up-at-pier-charge,en,Split Pick-Up at Pier Charge
split-pick-up,en,Split Pick-up
split-delivery,en,Split Delivery
special-vehicle-rent,en,Special Vehicle Rent
special-use,en,Special Use
special-train-movement,en,Special Train Movement
special-tooling-rework-charge,en,Special tooling rework charge
special-tooling-charge,en,Special Tooling Charge
special-test-equipment-charge,en,Special Test Equipment Charge
special-seal-charge,en,Special Seal Charge
special-pump-charge,en,Special Pump Charge
special-pickup,en,Special Pickup
special-permits,en,Special Permits
special-packaging,en,Special Packaging
special-motor-surveillance-charge,en,Special Motor Surveillance Charge
special-mileage-movements,en,Special Mileage Movements
special-handling-service,en,Special Handling Service
special-freight-supplements,en,Special Freight Supplements
special-finish-charge,en,Special Finish Charge
special-equipment-charge,en,Special Equipment Charge
special-dromedary-service,en,Special Dromedary Service
special-detention-charge,en,Special Detention Charge
special-delivery,en,Special Delivery
special-credit,en,Special Credit
special-containers,en,Special Containers
special-circus-trains,en,Special Circus Trains
special-buy,en,Special Buy
special-allowance,en,Special Allowance
software-support-service,en,Software Support Service
small-order-charge,en,Small Order Charge
slip-sheet-charge,en,Slip Sheet Charge
skirting-and-unskirting,en,Skirting and Unskirting
single-shipment-fee,en,Single Shipment Fee
single-pick-up,en,Single Pick-up
single-invoice-allowance,en,Single Invoice Allowance
single-factor-port-of-embarkation-destination,en,Single Factor Port of Embarkation/Destination
single-factor-origination-destination,en,Single Factor Origination/Destination
single-factor-orginiation-port-of-debarkation,en,Single Factor Orginiation/Port of Debarkation
shrink-wrap-charge,en,Shrink-Wrap Charge
shipside-pickup,en,Shipside Pickup
shipping-and-handling,en,Shipping and Handling
shipper-load,en,Shipper Load
shipment-holdover-on-weekends-charge,en,Shipment Holdover on Weekends Charge
shipment-holdover-on-weekdays-charge,en,Shipment Holdover on Weekdays Charge
shipment-holdover-on-holidays-charge,en,Shipment Holdover on Holidays Charge
shipment-holdover-charge-for-weekends,en,Shipment Holdover Charge for Weekends
shipment-holdover-charge-for-holidays,en,Shipment Holdover Charge for Holidays
shipment-from-non-temp-storage,en,Shipment from Non-temp Storage
ship-exact-quantity-charge,en,Ship Exact Quantity Charge
service-upgrade,en,Service Upgrade
service-charge-with-cash-discount,en,Service Charge (with Cash Discount)
service-charge,en,Service Charge
service-assistance-program-surcharge,en,Service Assistance Program Surcharge
self-unloader,en,Self Unloader
select-charge,en,Select Charge
segregating-sorting,en,Segregating (Sorting)
security-signature-service,en,Security Signature Service
security-escort-vehicle-service,en,Security Escort Vehicle Service
scrap-allowance,en,Scrap Allowance
scale-charge-unloading,en,Scale Charge Unloading
scale-charge,en,Scale Charge
saturday-pick-up-or-delivery-charge,en,Saturday Pick-up or Delivery Charge
saturday-pick-up,en,Saturday Pick-Up
saturday-delivery,en,Saturday Delivery
satisfactory-service-standards-charge,en,Satisfactory Service Standards Charge
satellite-surveillance-service,en,Satellite Surveillance Service
salvage,en,Salvage
sales-tax-state-and-local,en,Sales Tax (State and Local)
sales-and-use-tax,en,Sales and Use Tax
royalties,en,Royalties
roll-rebate,en,Roll Rebate
roll-out-adjustment,en,Roll Out Adjustment
rocky-mountain-bureau-583-item-1100-arbitrary-charge,en,Rocky Mountain Bureau 583 Item 1100 Arbitrary Charge
riding-attendant-charge,en,Riding Attendant Charge
returned-load,en,Returned Load
return-of-empty-container-charge,en,Return of Empty Container Charge
return-movement-of-pallet-charge,en,Return Movement of Pallet Charge
return-carrier-guard-car-charge,en,Return Carrier Guard Car Charge
return-cargo-charge,en,Return Cargo Charge
retainer,en,Retainer
retail-loss-allowance,en,Retail Loss Allowance
restricted-speeds,en,Restricted Speeds
restricted-article-fee,en,Restricted Article Fee
restocking-charge,en,Restocking Charge
respotting,en,Respotting
residential-pick-up,en,Residential Pick-up
residential-delivery,en,Residential Delivery
reshipment,en,Reshipment
reservations,en,Reservations
resellers-discount,en,Resellers Discount
research-and-development-fee,en,Research & development fee
requested-labor-charge,en,Requested Labor Charge
request-via-canada,en,Request Via Canada
repickup,en,Repickup
repair-charge,en,Repair Charge
repair-at-government-expense-charge,en,Repair at government expense charge
repair-at-customer-expense-charge,en,Repair at customer expense charge
repair-at-buyers-expense-charge,en,Repair at buyers expense charge
repack-charge,en,Repack Charge
rents-and-leases,en,Rents and Leases
rental-deduction,en,Rental Deduction
rental-charge,en,Rental Charge
renewal,en,Renewal
relocation-of-vehicle,en,Relocation of Vehicle
relinquishment-charge,en,Relinquishment Charge
reliability-charge,en,Reliability Charge
released-value-charge-in-excess-of-carrier-maximum-liability-charge,en,Released Value Charge in Excess of Carrier Maximum Liability Charge
regulatory-tax,en,Regulatory tax
regulatory-required-refund,en,Regulatory required refund
regulatory-fee,en,Regulatory Fee
registration-of-export-shipments,en,Registration of Export Shipments
registration-of-export-for-reentry,en,Registration of Export for Reentry
regain-charge,en,Regain Charge
regain-allowance,en,Regain Allowance
refurbishing-charge,en,Refurbishing Charge
refund,en,Refund
refrigeration-mechanical-detention,en,Refrigeration/Mechanical Detention
refrigeration,en,Refrigeration
reel-deposit,en,Reel Deposit
reel-cable,en,Reel Cable
reefer-maintenance,en,Reefer Maintenance
reefer-cargo-percent-differential,en,Reefer Cargo Percent Differential
reduction-prepalletized-cargo,en,Reduction Prepalletized Cargo
redistribution-allowance,en,Redistribution Allowance
redelivery,en,Redelivery
recurring-software-maintenance-charge,en,Recurring Software Maintenance Charge
recurring-license-fee,en,Recurring License Fee
recurring-hardware-maintenance-charge,en,Recurring Hardware Maintenance Charge
recrating-recoopering-origin,en,Recrating/Recoopering - Origin
recrating-recoopering-destination,en,Recrating/Recoopering - Destination
recovery-fee,en,Recovery Fee
recovery-allowance,en,Recovery Allowance
record-filing,en,Record/Filing
recoopering-at-owners-or-shippers-expense,en,Recoopering (at Owner's or Shipper's Expense)
reconsignment-charge,en,Reconsignment Charge
reconsign-delivery-charge,en,Reconsign Delivery Charge
reconsign-consignee-charge,en,Reconsign Consignee Charge
reconnect-charge,en,Reconnect charge
reclamation-state,en,"Reclamation,en, State"
reclamation-federal,en,"Reclamation,en, Federal"
recipient-address-correction,en,Recipient Address Correction
rebilled-drayage-origin,en,Rebilled Drayage - Origin
rebilled-drayage-destination,en,Rebilled Drayage - Destination
rebate,en,Rebate
re-bill-charge,en,Re-Bill Charge
rate-code,en,Rate Code
ramping,en,Ramping
railhead-handling,en,Railhead Handling
rail-surveillance,en,Rail Surveillance
rail-armed-guard-service,en,Rail Armed Guard Service
quantity-surcharge,en,Quantity Surcharge
quantity-discount,en,Quantity Discount
quality-differential,en,Quality Differential
pump-charge,en,Pump Charge
pump-air-charge,en,Pump Air Charge
protective-tarp-for-security-purposes,en,Protective Tarp for Security Purposes
protective-service-security-with-armed-guards,en,Protective Service Security with Armed Guards
protective-service-security,en,Protective Service Security
protective-service-rule-95,en,Protective Service Rule 95
protective-service-rule-815,en,Protective Service Rule 815
protective-service-rule-760,en,Protective Service Rule 760
protective-service-rule-755,en,Protective Service Rule 755
protective-service-rule-75,en,Protective Service Rule 75
protective-service-rule-745,en,Protective Service Rule 745
protective-service-rule-740,en,Protective Service Rule 740
protective-service-rule-735,en,Protective Service Rule 735
protective-service-rule-727,en,Protective Service Rule 727
protective-service-rule-725,en,Protective Service Rule 725
protective-service-rule-720,en,Protective Service Rule 720
protective-service-rule-716,en,Protective Service Rule 716
protective-service-rule-715,en,Protective Service Rule 715
protective-service-rule-712,en,Protective Service Rule 712
protective-service-rule-711,en,Protective Service Rule 711
protective-service-rule-710,en,Protective Service Rule 710
protective-service-rule-705,en,Protective Service Rule 705
protective-service-rule-581,en,Protective Service Rule 581
protective-service-rule-580,en,Protective Service Rule 580
protective-service-rule-570,en,Protective Service Rule 570
protective-service-rule-565,en,Protective Service Rule 565
protective-service-rule-545,en,Protective Service Rule 545
protective-service-rule-531,en,Protective Service Rule 531
protective-service-rule-530,en,Protective Service Rule 530
protective-service-rule-518,en,Protective Service Rule 518
protective-service-rule-510,en,Protective Service Rule 510
protective-service-rule-500,en,Protective Service Rule 500
protective-service-rule-37,en,Protective Service Rule 37
protective-service-rule-27,en,Protective Service Rule 27
protective-service-rule-26,en,Protective Service Rule 26
protective-service-rule-25,en,Protective Service Rule 25
protective-service-rule-165,en,Protective Service Rule 165
protective-service-rule-160,en,Protective Service Rule 160
protective-service-rule-140,en,Protective Service Rule 140
protective-service-heat,en,Protective Service - Heat
protective-service-cold,en,Protective Service - Cold
protective-service-charge,en,Protective Service Charge
proof-of-delivery,en,Proof of Delivery
promotional-discount,en,Promotional Discount
promotional-allowance,en,Promotional Allowance
proforma-invoice,en,Proforma Invoice
professional-fees,en,Professional Fees
product-personalization,en,Product Personalization
processing-charge,en,Processing Charge
process-in-transit-privilege,en,Process in Transit Privilege
privately-owned-vehicle-processing,en,Privately Owned Vehicle Processing
privately-owned-vehicle-in-truckaway-service-charge,en,Privately Owned Vehicle in Truckaway Service Charge
priority-service-charge,en,Priority Service Charge
priority-service,en,Priority Service
prior-period-reversal,en,Prior Period Reversal
prior-period-rebook,en,Prior Period Rebook
prior-period-net-adjustment,en,Prior Period Net Adjustment
prior-month-credit,en,Prior Month Credit
prior-delivery-of-bill-charge,en,Prior Delivery Of Bill Charge
prior-billing-amount,en,Prior billing amount
prior-balance,en,Prior Balance
priced-parts-charge,en,Priced Parts Charge
price-deviation,en,Price Deviation
preparation-of-u-s-export-documentation,en,Preparation of U.S. Export Documentation
preparation-of-special-documents,en,Preparation of Special Documents
preparation-of-insurance-certificate,en,Preparation of Insurance Certificate
preparation-of-export-entry,en,Preparation of Export Entry
preparation-of-commercial-invoice,en,Preparation of Commercial Invoice
preparation-of-canadian-customs-invoice,en,Preparation of Canadian Customs Invoice
preparation-of-air-waybill-origin,en,Preparation of Air Waybill - Origin
preparation-and-delivery,en,Preparation and Delivery
prepaid-usage-allowance,en,Prepaid Usage Allowance
premium-waiver,en,Premium Waiver
premium-transportation,en,Premium Transportation
premium-charge,en,Premium Charge
premise-use,en,Premise Use
prelodge-charge,en,Prelodge Charge
preloading-charge,en,Preloading Charge
precious-metal-content,en,Precious Metal Content
pre-positioned-inventory-service,en,Pre-Positioned Inventory Service
pre-carriage-excess,en,Pre-carriage Excess
pre-carriage,en,Pre-carriage
power-factor-adjustment,en,Power Factor Adjustment
postage,en,Postage
positioning-at-origin,en,Positioning at Origin
port-changes,en,Port Changes
police-report-charge,en,Police Report Charge
pole-wood-service-charge,en,"Pole,en, Wood-service Charge"
pole-lashing-equipment-ple-surcharge,en,Pole Lashing Equipment (PLE) Surcharge
placement-and-or-removal-charge,en,Placement and/or Removal Charge
pier-pick-up-and-or-delivery,en,Pier Pick-up and/or Delivery
pier-charges-wharfage,en,Pier Charges - Wharfage
pier-charges-other-than-wharfage,en,Pier Charges Other Than Wharfage
pickup-surcharge,en,Pickup Surcharge
pickup-out-of-area,en,Pickup - Out of Area
pickup-of-shipments-requiring-same-day-delivery-service-charge,en,Pickup of Shipments Requiring Same Day Delivery Service Charge
pickup-of-shipments-requiring-same-day-delivery-service-and-or-delivery-at-a-specified-time-charge,en,Pickup of Shipments Requiring Same Day Delivery Service and/or Delivery at Specified Time Charge
pickup-of-shipments-on-saturday-sunday-and-or-holidays-requiring-absolute-next-day-delivery-charge,en,"Pickup of Shipments on Saturday,en, Sunday,en, and/or Holidays Requiring Next Day Delivery Charge"
pickup-and-delivery-service-for-perishables-charge,en,Pickup and Delivery Service for Perishables Charge
pickup-and-delivery-from-storage-in-transit,en,Pickup and Delivery from Storage in Transit
pickup-and-delivery-beyond-service-area-charge,en,Pickup and Delivery Beyond Service Area Charge
pick-up-charge,en,Pick-up Charge
pick-up-and-delivery,en,Pick-up and Delivery
pick-up-allowance,en,Pick/Up Allowance
piano-organ-carry,en,Piano/Organ Carry
photographs,en,Photographs
photocopy,en,Photocopy
permits-bonds-escort-attendant,en,Permits Bonds Escort Attendant
permit-charge,en,Permit Charge
performance-award,en,Performance Award
percent-of-product,en,Percent of Product
percent-differential-less-than-container,en,Percent Differential - Less than Container
per-pound-charge,en,Per Pound Charge
per-order-charge,en,Per Order Charge
per-item-charge,en,Per Item Charge
penalty-charge,en,Penalty Charge
passing-shippers-export-entry,en,Passing Shippers Export Entry
parts-charge,en,Parts Charge
parts-adjustment-allowance,en,Parts Adjustment Allowance
parking,en,Parking
parish-county-sales-tax-only,en,Parish/County Sales Tax (only)
pallets-skids-platforms,en,Pallets/Skids/Platforms
pallet-exchange-charge,en,Pallet Exchange Charge
pallet-charge,en,Pallet Charge
pallet-allowance,en,Pallet Allowance
paint-and-materials,en,Paint and Materials
packing-surcharge,en,Packing Surcharge
pack-and-unpack,en,Pack and Unpack
overtime-loading,en,Overtime Loading
oversized-premium,en,Oversized Premium
overrun-charge,en,Overrun Charge
overpayment,en,Overpayment
over-width-container,en,Over Width Container
over-height-container,en,Over Height Container
over-dimension,en,Over Dimension
outside-charge,en,Outside Charge
out-of-zone-pick-up-or-delivery,en,Out of Zone Pick-up or Delivery
out-of-route-miles,en,Out of Route Miles
other-see-related-description,en,Other (See related description)
other-accessorial-service-charge,en,Other Accessorial Service Charge
order-notify-charge,en,Order Notify Charge
order-flat,en,Order-Flat
optional-software-support-for-switching-systems,en,Optional Software Support for Switching Systems
optional-software-support-for-operational-support-systems,en,Optional Software Support for Operational Support Systems
optional-charge,en,Optional Charge
option-charge-color-fabric-office-furniture,en,Option Charge (Color Fabric Office Furniture)
operator-credit,en,Operator Credit
one-time-license-fee,en,One-Time License Fee
one-time-engineering-charge,en,One Time Engineering Charge
on-hand-service,en,On Hand Service
on-deck-break-bulk-differential,en,On Deck Break Bulk Differential
on-carriage,en,On Carriage
offshore-alaska-hawaii,en,Offshore - Alaska/Hawaii
official-report-charge,en,Official Report Charge
ocean-freight,en,Ocean Freight
ocean-charges----hazardous,en,Ocean Charges -- Hazardous
o-t-o-charge,en,O.T.O. Charge
nozzle-charge,en,Nozzle Charge
notify-consignee,en,Notify Consignee
normal-pump-charge,en,Normal Pump Charge
non-generated-freight,en,Non Generated Freight
non-document-surcharge,en,Non-document Surcharge
no-return-credit-allowance,en,No Return Credit Allowance
new-york-pick-up-charge,en,New York Pick-up Charge
new-york-delivery-charge,en,New York Delivery Charge
new-warehouse-discount,en,New Warehouse Discount
new-store-discount,en,New Store Discount
new-store-allowance,en,New Store Allowance
n-h-d-wharfage,en,N.H.D. Wharfage
mutually-defined,en,Mutually Defined
municipal-surcharge,en,Municipal Surcharge
multi-tank-surveillance-service,en,Multi-Tank Surveillance Service
mount-demount,en,Mount/Demount
motor-vehicle-report-mvr-charge,en,Motor Vehicle Report (MVR) Charge
motor-surveillance-service,en,Motor Surveillance Service
monthly-rental,en,Monthly Rental
molding,en,Molding
modified-atmosphere,en,Modified Atmosphere
missing-account-nbr-charge,en,Missing Account NBR Charge
miscellaneous-parts-charge,en,Miscellaneous Parts Charge
miscellaneous-origin,en,Miscellaneous - Origin
miscellaneous-destination,en,Miscellaneous - Destination
miscellaneous-charge,en,Miscellaneous Charge
minimum-order-minimum-billing-charge,en,Minimum Order/Minimum Billing Charge
minimum-maximum-charge,en,Minimum/Maximum Charge
minimum-guarantee,en,Minimum Guarantee
minimum-charge,en,Minimum Charge
minimum-bill-of-lading-charge,en,Minimum Bill of Lading Charge
minimum-air-transportation-charge,en,Minimum Air Transportation Charge
mill-freight,en,Mill Freight
mileage-or-travel,en,Mileage or Travel
mileage-fee-for-repair-and-return,en,Mileage Fee (For Repair and Return)
metropolitan-transit-tax,en,Metropolitan Transit Tax
meter-charge,en,Meter Charge
metals-surcharge,en,Metals Surcharge
messenger-service,en,Messenger Service
message-rate-adjustment,en,Message Rate Adjustment
message-charge,en,Message Charge
medical-report-charge,en,Medical Report Charge
meals-or-lodging-charge,en,Meals or Lodging Charge
meals,en,Meals
marriage-rule,en,Marriage Rule
markup-charge,en,Markup Charge
marking-or-tagging-charge,en,Marking or Tagging Charge
market-development-funds,en,Market Development Funds
manufacturing,en,Manufacturing
manual-surveillance-of-shipment,en,Manual Surveillance of Shipment
manifest-charge,en,Manifest Charge
mailing-service-fee,en,Mailing - Service Fee
mailing-postage-cost,en,Mailing - Postage Cost
machining-charge,en,Machining Charge
lubricant-charge,en,Lubricant Charge
lot-charge,en,Lot Charge
lodging,en,Lodging
locomotive-under-own-power,en,Locomotive Under Own Power
locomotive-delayed-in-switching-service,en,Locomotive Delayed in Switching Service
local-tax,en,Local Tax
local-sales-tax-all-applicable-sales-taxes-by-taxing-authorities-below-the-state-level,en,Local Sales Tax (All Applicable Sales Taxes by Taxing Authorities Below the State Level)
local-delivery-drayage,en,Local Delivery/Drayage
loan-interest,en,Loan Interest
loan-fee,en,Loan Fee
loading-unloading-of-privately-owned-vehicle-charge,en,Loading/Unloading of Privately Owned Vehicle Charge
loading-labor-charges,en,Loading (Labor Charges)
loading-allowance,en,Loading Allowance
loading,en,Loading
load-weighing-charge,en,Load Weighing Charge
liquidated-damages,en,Liquidated Damages
liner-terms-at-port-of-embarkation,en,Liner Terms at Port of Embarkation
liner-terms-at-port-of-debarkation,en,Liner Terms at Port of Debarkation
linehaul-to-port-of-embarkation,en,Linehaul to Port of Embarkation
linehaul-service,en,Linehaul Service
linehaul-percent-differential,en,Linehaul Percent Differential
linehaul-from-port-of-debarkation,en,Linehaul from Port of Debarkation
limited-liability,en,Limited Liability
light-bar-service-charge,en,Light Bar Service Charge
lift-gate-truck-or-forklift-service-at-pick-up-delivery,en,Lift Gate (Truck) or Forklift Service at Pick-up/Delivery
lift-charge-intermodal,en,Lift Charge (Intermodal)
lifeline-surcharge,en,Lifeline Surcharge
license-and-title,en,License and Title
liability-of-carrier-charge,en,Liability of Carrier Charge
letter-of-credit-processing,en,Letter of Credit Processing
less-than-container,en,Less than Container
leaking-underground-storage-tax-lust,en,Leaking underground storage tax (LUST)
lead-factor,en,Lead Factor
layover-service-charge,en,Layover Service Charge
layover-charges,en,Layover Charges
late-payment-charge,en,Late payment charge
late-order-charge,en,Late Order Charge
lashing,en,Lashing
land-currency-adjustment-factor-40-foot-container,en,Land Currency Adjustment Factor - 40 Foot Container
land-currency-adjustment-factor-20-foot-container,en,Land Currency Adjustment Factor - 20 Foot Container
lading-adjustment-charge,en,Lading Adjustment Charge
laboratory-pack-fee,en,Laboratory Pack Fee
labor-test-and-calibrate,en,"Labor,en, Test and Calibrate"
labor-service,en,Labor Service
labor-repair-and-return-orders,en,Labor (Repair and Return Orders)
labor-no-trouble-found,en,"Labor,en, No Trouble Found"
labor-modify,en,"Labor,en, Modify"
labor-cost-of-removal,en,Labor Cost of Removal
labor-charges,en,Labor Charges
labor-adjustment-allowance,en,Labor Adjustment Allowance
keep-from-freezing-percent-differential,en,Keep from Freezing Percent Differential
junction-settlement-charge,en,Junction Settlement Charge
item-unit,en,Item-Unit
item-percentage,en,Item Percentage
italian-release-charge,en,Italian Release Charge
island-pick-up-charge,en,Island Pick-Up Charge
island-delivery-charge,en,Island Delivery Charge
irish-arbitraries,en,Irish Arbitraries
invoice-adjustment,en,Invoice Adjustment
intra-plant-charge,en,Intra-plant Charge
interstate-highway-toll,en,Interstate/Highway Toll
interpreter-expense,en,Interpreter Expense
interplant-charge,en,Interplant Charge
international-door-to-door-handling-fee,en,International Door-to-Door Handling Fee
intermodal-storage-origin,en,Intermodal Storage (Origin)
intermodal-storage-destination,en,Intermodal Storage (Destination)
intermodal-shipment-service-charge,en,Intermodal Shipment Service Charge
interline-transfer-charge,en,Interline Transfer Charge
interest-on-security-deposit,en,Interest on security deposit
interest-on-refund,en,Interest on refund
interest,en,Interest
interdivision-profit,en,Interdivision Profit
integrated-business-services-ibs-service-charge,en,Integrated Business Services (IBS) Service Charge
insurance-surcharge,en,Insurance Surcharge
insurance-premium,en,Insurance Premium
insurance-placement-cost-charge,en,Insurance Placement Cost Charge
insurance-fee,en,Insurance Fee
insurance,en,Insurance
insulated-tank-charge,en,Insulated Tank Charge
inspection-fee,en,Inspection Fee
inside-pick-up,en,Inside Pick-up
inside-delivery,en,Inside Delivery
inoperable-privately-owned-vehicle-charge,en,Inoperable Privately Owned Vehicle Charge
inland-transportation,en,Inland Transportation
initial-license-fee,en,Initial License Fee
industry-price-allowance,en,Industry Price Allowance
incorrect-billing-account-charge,en,Incorrect Billing Account Charge
income-freight-manufacturing-to-shipping-point,en,Income Freight (Manufacturing to Shipping Point)
inbound-freight-charges,en,Inbound Freight Charges
inaccessible-hazardous-material,en,Inaccessible Hazardous Material
improper-documentation,en,Improper Documentation
import-service-fee,en,Import Service Fee
impactographs,en,Impactographs
idler-car-charge,en,Idler Car Charge
icing-inhibitor-charge,en,Icing Inhibitor Charge
iata-fee,en,IATA Fee
iata-airbill-preparation,en,IATA Airbill Preparation
household-goods-pick-up-or-delivery,en,Household Goods Pick-up or Delivery
hose-charge-special,en,Hose Charge Special
hose-charge,en,Hose Charge
hook-up-charge,en,Hook-up charge
home-line-freight-charge,en,Home Line Freight Charge
holding-charge,en,Holding Charge
highway-interchange,en,Highway Interchange
high-security-red-in-bond-seal-charge,en,High Security Red In-bond Seal Charge
heavy-lift,en,Heavy Lift
heavy-duty-flat-car-charge,en,Heavy Duty Flat Car Charge
heater-or-refrigeration,en,Heater or Refrigeration
heat-treat-charge,en,Heat Treat Charge
heat-in-transit-charges,en,Heat in Transit Charges
hazardous-storage,en,Hazardous Storage
hazardous-materials-surcharge-charge,en,Hazardous Materials Surcharge Charge
hazardous-materials-handling-fee-international,en,Hazardous Materials Handling Fee - International
hazardous-materials-handling-fee-domestic,en,Hazardous Materials Handling Fee - Domestic
hazardous-cargo-on-deck,en,Hazardous Cargo on Deck
hazardous-cargo-charge,en,Hazardous Cargo Charge
hauling-and-hoisting-to-be-direct-billed,en,Hauling and Hoisting to be Direct Billed
harbor-dues,en,Harbor Dues
handling-freight-at-positions-not-immediately-adjacent-to-vehicle-charge,en,Handling Freight At Positions Not Immediately Adjacent To Vehicle Charge
handling-charges-on-distribution-freight-forwarded-beyond,en,Handling Charges on Distribution Freight Forwarded Beyond
handling-charge-tax,en,Handling Charge Tax
handling,en,Handling
gulf-port-delivery-charge,en,Gulf Port Delivery Charge
groupage-discount,en,Groupage Discount
gross-receipts-surcharge,en,Gross Receipts Surcharge
greater-security-service,en,Greater Security Service
grain-flow-charge,en,Grain Flow Charge
grain-doors,en,Grain Doors
governmental-tax,en,Governmental Tax
government-warehouse-fee-origin,en,Government Warehouse Fee - Origin
government-warehouse-fee-destination,en,Government Warehouse Fee - Destination
government-owned-containers,en,Government-owned Containers
government-guard-car-charge,en,Government Guard Car Charge
government-caboose-charge,en,Government Caboose Charge
goods-and-services-tax-charge,en,Goods and Services Tax Charge
gold-factor,en,Gold Factor
glaze-allowance,en,Glaze Allowance
glass-kit,en,Glass Kit
gate-inspection-charge-intermodal,en,Gate Inspection Charge (Intermodal)
gasket,en,Gasket
garment-surcharge,en,Garment Surcharge
garment-district,en,Garment District
furnishing-chassis,en,Furnishing Chassis
fumigation,en,Fumigation
fuel-surcharge,en,Fuel Surcharge
fuel-filters-furnished-by-shipper-charge,en,Fuel Filters Furnished by Shipper Charge
fuel-filters-furnished-by-carrier-charge,en,Fuel Filters Furnished by Carrier Charge
fuel-charge,en,Fuel Charge
freshness-leaker-allowance,en,Freshness/Leaker Allowance
freight-surcharge,en,Freight Surcharge
freight-passthrough,en,Freight Passthrough
freight-equalization,en,Freight Equalization
freight-charges-to-destination,en,Freight Charges to Destination
freight-charges-to-border,en,Freight Charges to Border
freight-charges-inbound-and-outbound,en,Freight Charges Inbound and Outbound
freight-based-on-dollar-minimum,en,"Freight,en, Based on Dollar Minimum"
freight,en,Freight
free-domicile-shipment-processing,en,Free Domicile Shipment Processing
franchise-fee,en,Franchise fee
forwarding-charge,en,Forwarding Charge
forwarding-agent-commission,en,Forwarding Agent Commission
foreign-military-sales-fms-special-charge,en,Foreign Military Sales (FMS) Special Charge
foreign-military-sales-fms-rental,en,Foreign Military Sales (FMS) Rental
food-and-lodging,en,Food and Lodging
flatrack-surcharge,en,Flatrack Surcharge
flat-rate,en,Flat Rate
first-flight-out,en,First Flight Out
first-article-charge,en,First Article Charge
fire-report,en,Fire Report
financial-document-surcharge,en,Financial Document Surcharge
finance-charge,en,Finance Charge
filtration-service-charge,en,Filtration Service Charge
ferry-service,en,Ferry Service
fee-for-collecting-cod-charge,en,Fee for Collecting COD Charge
federal-transfer-surcharge,en,Federal Transfer Surcharge
failed-lamp-panel-charge,en,Failed Lamp Panel Charge
facsimile-charges-additional-pages,en,Facsimile Charges - Additional Pages
facsimile-charges,en,Facsimile Charges
fabrication-charge,en,Fabrication Charge
f-e-t-tires,en,F.E.T. Tires
f-e-t-percent,en,F.E.T. (Percent)
f-e-t-federal-excise-tax,en,F.E.T. Federal Excise Tax
f-e-t-dollar-value,en,F.E.T. (Dollar Value)
extra-service-counter-to-counter,en,Extra Service - Counter-to-Counter
extra-lights,en,Extra Lights
extra-length,en,Extra Length
extra-labor-helper-service,en,Extra Labor (Helper Service)
extra-driver,en,Extra Driver
extra-copies-and-mailings,en,Extra Copies and Mailings
extra-axles,en,Extra Axles
external-service-expense,en,External Service Expense
export-shipping-charge,en,Export Shipping Charge
export-license-application,en,Export License Application
export-import-charge,en,Export/Import Charge
export-declarations-u-s-shippers,en,Export Declarations - U.S. Shippers
export-declarations-automated,en,Export Declarations - Automated
export-customs-clearance,en,Export Customs Clearance
expediting-premium,en,Expediting Premium
expediting-fee,en,Expediting Fee
expedited-shipments,en,Expedited Shipments
expedited-service-charge,en,Expedited Service Charge
expedited-one-day-consular-service,en,Expedited One Day Consular Service
expando-remove-and-install,en,Expando Remove and Install
exhibition-pickup-charge,en,Exhibition Pickup Charge
exhibition-delivery-charge,en,Exhibition Delivery Charge
exclusive-use-charge,en,Exclusive Use Charge
excise-tax-origin,en,Excise Tax - Origin
excise-tax-destination,en,Excise Tax - Destination
exchange-access-credit,en,Exchange Access Credit
excessive-value-charge,en,Excessive Value Charge
excess-weight,en,Excess Weight
excess-periods,en,Excess Periods
excess-mileage-for-stop-off-delivery-of-personal-vehicles-charge,en,Excess Mileage for Stop Off Delivery of Personal Vehicles Charge
excess-mileage-charge,en,Excess Mileage Charge
european-port-charges,en,European Port Charges
eur1-presentation-fee,en,Eur1 Presentation Fee
estimated-customs-duty-dutypaid-charge,en,Estimated Customs Duty (Dutypaid - Charge)
escort-service-with-overnight-subsistence,en,Escort Service with Overnight Subsistence
escort-service-telephone,en,Escort Service (Telephone)
escort-service,en,Escort Service
escort-courier-service-charge,en,Escort/Courier Service Charge
escalation,en,Escalation
equipment-hose-at-origin-charge,en,Equipment Hose at Origin Charge
equipment-hose-at-destination-charge,en,Equipment Hose at Destination Charge
environmental-protection-service,en,Environmental Protection Service
engineering-charge,en,Engineering Charge
energy-surcharge-fuel-adjustment-factor,en,Energy Surcharge (Fuel Adjustment Factor)
energy-charge,en,Energy charge
endorsement-fee,en,Endorsement Fee
empty-weighing-charge,en,Empty Weighing Charge
empty-trailer-returned-charge,en,Empty Trailer Returned Charge
empty-return,en,Empty Return
empty-railcar-ordered-but-not-used-charge,en,Empty Railcar Ordered But Not Used Charge
empty-movement,en,Empty Movement
emergency-surcharge,en,Emergency Surcharge
emergency-service,en,Emergency Service
emergency-response-service,en,Emergency Response Service
emergency-port-charge,en,Emergency Port Charge
early-ship-allowance,en,Early Ship Allowance
early-payment-allowance,en,Early Payment Allowance
early-buy-allowance,en,Early Buy Allowance
duty-charge,en,Duty Charge
dunnage-allowance,en,Dunnage Allowance
dual-driver-with-national-agency-check,en,Dual Driver with National Agency Check
dual-driver-protectice-service,en,Dual Driver Protectice Service
dryer-charge,en,Dryer Charge
dry-ice,en,Dry Ice
drum-up-charge,en,Drum Up Charge
drum-deposit,en,Drum Deposit
drum-cost,en,Drum Cost
dromedary-with-mechanical-restraining-devices-charge,en,Dromedary with Mechanical Restraining Devices Charge
dromedary-service-charge,en,Dromedary Service Charge
drivers-wages,en,Driver's Wages
driver-license-record-report-charge,en,Driver License Record Report Charge
drayage-line-haul,en,Drayage/Line Haul
drayage-at-port-of-embarkation-zone-rate,en,Drayage at Port of Embarkation (Zone Rate)
drayage-at-port-of-embarkation,en,Drayage at Port of Embarkation
drayage-at-port-of-debarkation-zone-rate,en,Drayage at Port of Debarkation (Zone Rate)
drayage-at-port-of-debarkation,en,Drayage at Port of Debarkation
drayage,en,Drayage
dowel-pin-charge,en,Dowel Pin Charge
double-wide-separate-and-reassemble,en,Double Wide Separate and Reassemble
documentation-charge,en,Documentation Charge
dockage-boat-detention,en,Dockage - Boat Detention
dividend-interest,en,Dividend Interest
dividend-adjustment,en,Dividend Adjustment
dividend,en,Dividend
diversion-to-air-charge,en,Diversion to Air Charge
diversion-charge,en,Diversion Charge
diversion-and-reconsignment,en,Diversion and Reconsignment
distributor-discount-allowance,en,Distributor Discount/Allowance
distribution-service,en,Distribution Service
distribution-fee,en,Distribution Fee
discount-special,en,Discount - Special
discount-service-option-pickup,en,Discount - Service Option (Pickup)
discount-service-option-delivery,en,Discount - Service Option (Delivery)
discount-multiple-shipment,en,Discount - Multiple Shipment
discount-incentive,en,Discount - Incentive
discount-drop-box-convenience-ctr,en,Discount - Drop Box/Convenience Ctr.
discount,en,Discount
disconnect-charge,en,Disconnect charge
direct-repair,en,Direct Repair
development-charge,en,Development Charge
detention-without-power-unit,en,Detention Without Power Unit
detention-with-power-units-60-minute-periods-charge,en,Detention with Power Units (60 minute periods) Charge
detention-with-power-units-30-minute-periods-charge,en,Detention with Power Units (30 minute periods) Charge
detention-vehicle,en,Detention (Vehicle)
detention-unloading,en,Detention Unloading
detention-special-type-flat-car,en,Detention - Special Type Flat Car
detention-of-trailers,en,Detention of Trailers
detention-of-privately-owned-vehicle-charge,en,Detention of Privately Owned Vehicle Charge
detention-of-power-units,en,Detention of Power Units
detention-loading,en,Detention Loading
detention-labor,en,Detention (Labor)
destination-inland-freight,en,Destination Inland Freight
destination-duty,en,Destination Duty
destination-charge,en,Destination Charge
derrick-charge,en,Derrick Charge
deramping,en,Deramping
depreciation,en,Depreciation
deposit-in-lieu-of-order,en,Deposit in Lieu of Order
deposit,en,Deposit
demurrage-special,en,Demurrage - Special
demurrage-average-agreement,en,Demurrage - Average Agreement
demurrage,en,Demurrage
demand-charge,en,Demand charge
delivery-surcharge,en,Delivery Surcharge
delivery-of-fuel-from-tank-truck-or-trailer-to-pipeline-charge,en,Delivery of Fuel from Tank Truck or Trailer to Pipeline Charge
delivery-of-fuel-from-rail-tank-car-to-pipeline-charge,en,Delivery of Fuel from Rail Tank Car to Pipeline Charge
delivery-of-fuel-from-pipeline-to-tank-truck-or-trailer-charge,en,Delivery of Fuel from Pipeline to Tank Truck or Trailer Charge
delivery-of-fuel-from-pipeline-to-rail-tank-car-charge,en,Delivery of Fuel from Pipeline to Rail Tank Car Charge
delivery-of-fuel-from-pipeline-to-barge-charge,en,Delivery of Fuel from Pipeline to Barge Charge
delivery-of-fuel-from-barge-to-pipeline-charge,en,Delivery of Fuel from Barge to Pipeline Charge
delivery-charge,en,Delivery Charge
delay-furnishing-destination-weights,en,Delay Furnishing Destination Weights
deficit-freight,en,Deficit Freight
defective-allowance,en,Defective Allowance
deductible,en,Deductible
deaf-and-disabled-surcharge,en,Deaf and Disabled Surcharge
deadhead-mileage-charge,en,Deadhead Mileage Charge
data-drawing-charge,en,Data/Drawing Charge
dangerous-goods-surcharge,en,Dangerous Goods Surcharge
damaged-merchandise,en,Damaged Merchandise
damage-to-government-equipment,en,Damage to Government Equipment
damage-to-carrier-vessel,en,Damage to Carrier Vessel
damage-to-carrier-equipment,en,Damage to Carrier Equipment
cutting-charge,en,Cutting Charge
customs-invoice-additional-page,en,Customs Invoice - Additional Page
customs-invoice,en,Customs Invoice
customs-formalities,en,Customs Formalities
customs-fees-lift-level,en,Customs Fees - Lift Level
customs-fees-container-level,en,Customs Fees - Container Level
customs-exams-intensive-tailgate,en,"Customs Exams (Intensive,en, Tailgate)"
customs-entry,en,Customs Entry
customs-charge,en,Customs Charge
customs-broker-fee,en,Customs Broker Fee
customer-required-special-truck-at-origin,en,Customer Required Special Truck at Origin
customer-required-special-truck-at-destination,en,Customer Required Special Truck at Destination
customer-paid-deductible,en,Customer Paid Deductible
customer-equipment-allowance,en,Customer Equipment Allowance
customer-account-identification,en,Customer Account Identification
currency-discount,en,Currency Discount
currency-adjustment-factor,en,Currency Adjustment Factor
currency-adjustment-break-bulk,en,Currency Adjustment - Break Bulk
currency-adjustment-40-foot-container,en,Currency Adjustment - 40 Foot Container
currency-adjustment-20-foot-container,en,Currency Adjustment - 20 Foot Container
currency-adjustment,en,Currency Adjustment
credit-report-charge,en,Credit Report Charge
credit,en,Credit
crafting,en,Crafting
court-reporter-charge,en,Court Reporter Charge
court-or-trial-expense,en,Court or Trial Expense
courier-services,en,Courier Services
cost-recovery-factor,en,Cost Recovery Factor
cost-recovery-adjustment,en,Cost recovery/adjustment
corrosion-additive-service-charge,en,Corrosion Additive Service Charge
core-charge,en,Core Charge
copy-of-delivery-receipt-charge,en,Copy of Delivery Receipt Charge
copy-of-bill-of-lading-charge,en,Copy of Bill of Lading Charge
copilot-service-charge,en,Copilot Service Charge
cooperative-advertising-merchandising-allowance-performance,en,Cooperative Advertising/Merchandising Allowance (Performance)
cooling-service,en,Cooling Service
converting,en,Converting
controlled-atmosphere,en,Controlled Atmosphere
contract-service-charge,en,Contract Service Charge
contract-escalation,en,Contract Escalation
contract-allowance,en,Contract Allowance
continuous-mileage,en,Continuous Mileage
contingency-credit-charge,en,Contingency Credit Charge
container-trailer-allowance,en,Container/Trailer Allowance
container-stuffing,en,Container Stuffing
container-service-charge-usa-canada,en,Container Service Charge USA/Canada
container-service-charge-uk-eur,en,Container Service Charge UK/EUR
container-loss-damage,en,Container Loss/Damage
container-leasing,en,Container Leasing
container-diversion,en,Container Diversion
container-destuffing,en,Container Destuffing
container-deposits,en,Container Deposits
container-allowance,en,Container Allowance
consularization-fee,en,Consularization Fee
consular-legalization-service,en,Consular Legalization Service
constant-surveillance-service-armed,en,Constant Surveillance Service - Armed
constant-surveillance-service,en,Constant Surveillance Service
constant-surveillance,en,Constant Surveillance
consolidation,en,Consolidation
consignee-unload,en,Consignee Unload
conservation-research-fee,en,Conservation research fee
connect-charge,en,Connect Charge
congestion-surcharge,en,Congestion Surcharge
conductivity-anti-static-additive,en,Conductivity/Anti-static Additive
concession-money,en,Concession Money
concession-credit,en,Concession Credit
computer-processing-expense,en,Computer Processing Expense
compressor-charge,en,Compressor Charge
competitive-price,en,Competitive Price
competitive-car-allowance,en,Competitive Car Allowance
competitive-allowance,en,Competitive Allowance
commission-amount,en,Commission Amount
combination,en,Combination
collect-surcharge,en,Collect Surcharge
collect-on-delivery-deletion-charge,en,Collect on Delivery Deletion Charge
collect-on-delivery-alteration-charge,en,Collect on Delivery Alteration Charge
cod-amount,en,COD Amount
co-op-credit,en,Co-op Credit
co-manufacturing-discount,en,Co-manufacturing Discount
closing-and-sealing,en,Closing & Sealing
cleaning-charge,en,Cleaning Charge
claims-personal-property-report-charge,en,Claims Personal Property Report Charge
claims-personal-auto-report-charge,en,Claims Personal Auto Report Charge
claims-commercial-property-report-charge,en,Claims Commercial Property Report Charge
claims-commercial-auto-report-charge,en,Claims Commercial Auto Report Charge
city-terminal-charge,en,City Terminal Charge
city-sales-tax-only,en,City Sales Tax (Only)
city-pick-up,en,City Pick-up
city-maintenance-fee,en,City maintenance fee
city-delivery,en,City Delivery
circuitous-routing-charge,en,Circuitous Routing Charge
chicago-loop-charge,en,Chicago Loop Charge
chemical-milling-charge,en,Chemical Milling Charge
chassis-transfer,en,Chassis Transfer
chassis-equipment-lease-charge,en,Chassis Equipment Lease Charge
charges-forward-advance-charge,en,Charges Forward/Advance Charge
change-of-airbill-service-fee,en,Change of Airbill - Service Fee
chamber-of-commerce-service-charge,en,Chamber of Commerce Service Charge
chain-and-binders,en,Chain and Binders
certification-fee,en,Certification Fee
certification-charge,en,Certification Charge
certificate-of-registration,en,Certificate of Registration
certificate-of-origin,en,Certificate of Origin
cents-off,en,Cents Off
cassette,en,Cassette
cash-discount,en,Cash Discount
cartage-charge,en,Cartage Charge
carrier-notification-charge,en,Carrier Notification Charge
carrier-guard-car-charge,en,Carrier Guard Car Charge
carrier-equipment-pool-charge,en,Carrier Equipment Pool Charge
carrier-debit-allowance,en,Carrier Debit Allowance
carrier-credit-allowance,en,Carrier Credit Allowance
carrier-caboose-charge,en,Carrier Caboose Charge
carrier,en,Carrier
cargo-taxes,en,Cargo Taxes
car-rental,en,Car Rental
car-loading,en,Car Loading
cancelled-order-heavy-duty-flatcar,en,"Cancelled Order,en, Heavy Duty Flatcar"
cancellation-charge,en,Cancellation Charge
canadian-remanifest-fee,en,Canadian Remanifest Fee
canadian-reconsignment-fee,en,Canadian Reconsignment Fee
canadian-import-termination-fee,en,Canadian Import Termination Fee
canadian-currency-exchange,en,Canadian Currency Exchange
canadian-c-q-customs-clearance,en,Canadian C.Q.Customs Clearance
canada-great-lakes-additionals,en,Canada Great Lakes Additionals
camp-arbitrary,en,Camp Arbitrary
call-tag,en,Call Tag
cables-sending-of,en,Cables (sending of)
buyers-car-allowance,en,Buyers Car Allowance
bureau-report-charge,en,Bureau Report Charge
bunker-surcharge,en,Bunker Surcharge
bunker-adjustment-40-foot-container,en,Bunker Adjustment - 40 Foot Container
bunker-adjustment-20-foot-container,en,Bunker Adjustment - 20 Foot Container
bunker-adjustment,en,Bunker Adjustment
bulky-article,en,Bulky Article
brokerage-or-duty,en,Brokerage or Duty
broker-selection-surcharge,en,Broker Selection Surcharge
broken-package-charge,en,Broken Package Charge
bridge-toll,en,Bridge Toll
break-bulk-surface-charge,en,Break Bulk Surface Charge
box-liners,en,Box Liners
both-flat,en,Both-Flat
bordeaux-arbitraries,en,Bordeaux Arbitraries
bop-sheet-charge,en,Bop Sheet Charge
bonded-privately-owned-vehicle-charge,en,Bonded Privately Owned Vehicle Charge
bond-charges,en,Bond Charges
bobtail-charges,en,Bobtail Charges
blower-charge,en,Blower Charge
blocking-and-bracing-charge,en,Blocking and Bracing Charge
billed-demand,en,Billed Demand
bill-of-lading-charge,en,Bill of Lading Charge
bill-of-lading-attendancy,en,Bill of Lading Attendancy
bi-level-tri-level-charges,en,"Bi-level,en, Tri-level Charges"
beyond-freight-charges,en,Beyond Freight Charges
beyond-charge,en,Beyond Charge
bedding-feeding-disinfecting,en,Bedding/Feeding/Disinfecting
beaming-charge,en,Beaming Charge
basic-reorder-allowance,en,Basic Reorder Allowance
base-charge,en,Base Charge
barge-freight-all-kinds-service,en,Barge Freight All Kinds Service
banking-drafts,en,Banking Drafts
balance-forward,en,Balance Forward
bad-debt,en,Bad Debt
auxiliary-service,en,Auxiliary Service
attendants-accompanying,en,Attendants Accompanying
attachments-to-bill-of-lading-charge,en,Attachments to Bill of Lading Charge
assembly-fee,en,Assembly Fee
assembly-charge,en,Assembly Charge
armed-guard-service,en,Armed Guard Service
arbitrary-in-addition-to-through-rates-and-charges,en,Arbitrary (In Addition to Through Rates and Charges)
aqua-train,en,Aqua Train
appointment-notification,en,Appointment (Notification)
appliance-servicing,en,Appliance Servicing
anodizing-charge,en,Anodizing Charge
anchoring-and-unanchoring,en,Anchoring and Unanchoring
amending-export-documentation,en,Amending Export Documentation
allowance-non-performance,en,Allowance Non-performance
allowance-advance,en,Allowance Advance
allegheny-county-pa-delivery-charge,en,"Allegheny County,en, PA Delivery Charge"
alcoholic-beverage-report-charge,en,Alcoholic Beverage Report Charge
airport-terminal-handling-charge,en,Airport Terminal Handling Charge
airport-tax-origin,en,Airport Tax - Origin
airport-tax-destination,en,Airport Tax - Destination
airline-opening-fee,en,Airline Opening Fee
air-transportation-charge,en,Air Transportation Charge
air-ride-tractor-service-charge,en,Air Ride Tractor Service Charge
air-freight-consolidation,en,Air Freight - Consolidation
air-freight,en,Air Freight
air-express-charge,en,Air Express Charge
air-export-certificate,en,Air Export Certificate
air-conditioning-disconnect-and-connect,en,Air Conditioning Disconnect and Connect
agent-disbursement-origin,en,Agent Disbursement - Origin
agent-disbursement-fee-origin,en,Agent Disbursement Fee - Origin
agent-disbursement-fee-destination,en,Agent Disbursement Fee - Destination
agent-disbursement-destination,en,Agent Disbursement - Destination
advertising-allowance,en,Advertising Allowance
advances,en,Advances
advance-origin-fee,en,Advance Origin Fee
advance-origin-amount,en,Advance Origin Amount
advance-loading-charge,en,Advance Loading Charge
advance-lading-charge,en,Advance Lading Charge
advance-fee,en,Advance Fee
advance-destination-fee,en,Advance Destination Fee
advance-destination-amount,en,Advance Destination Amount
advance-charges-handling,en,Advance Charges Handling
adjustments,en,Adjustments
adjustment-for-minimum-charges-billing,en,Adjustment for Minimum Charges Billing
adjustment-for-minimum-average-time-requirement-billing,en,Adjustment for Minimum Average Time Requirement Billing
adjustment-for-maximum-charges-billing,en,Adjustment for Maximum Charges Billing
address-correction,en,Address Correction
additional-material,en,Additional Material
additional-injection-blending-service-charge,en,Additional Injection/Blending Service Charge
additional-copies-of-freight-bill,en,Additional Copies of Freight Bill
add-on-origin,en,Add on - Origin
add-on-destination,en,Add on - Destination
ad-valorem,en,Ad Valorem
actual-labor-charge,en,Actual Labor Charge
activation-of-carnet,en,Activation of Carnet
acknowledgement-of-delivery-fee-aod,en,Acknowledgement of Delivery Fee (AOD)
account-number-correction-charge,en,Account Number Correction Charge
accessible-hazardous-material,en,Accessible Hazardous Material
access-charges,en,Access Charges
access-charge-state,en,Access Charge - State
access-charge-federal,en,Access Charge - Federal
absolute-minimum-charge,en,Absolute Minimum Charge
410-dromedary-with-mechanical-restraining-devices-charge,en,410 Dromedary with Mechanical Restraining Devices Charge
410-dromedary,en,410 Dromedary